-- phpMyAdmin SQL Dump
-- version 5.1.1
-- https://www.phpmyadmin.net/
--
-- Host: 127.0.0.1
-- Generation Time: Jun 23, 2023 at 06:40 PM
-- Server version: 10.4.22-MariaDB
-- PHP Version: 7.4.33

SET SQL_MODE = "NO_AUTO_VALUE_ON_ZERO";
START TRANSACTION;
SET time_zone = "+00:00";


/*!40101 SET @OLD_CHARACTER_SET_CLIENT=@@CHARACTER_SET_CLIENT */;
/*!40101 SET @OLD_CHARACTER_SET_RESULTS=@@CHARACTER_SET_RESULTS */;
/*!40101 SET @OLD_COLLATION_CONNECTION=@@COLLATION_CONNECTION */;
/*!40101 SET NAMES utf8mb4 */;

--
-- Database: `db_portal_florist`
--

DELIMITER $$
--
-- Procedures
--
CREATE DEFINER=`root`@`localhost` PROCEDURE `getcat` (IN `cid` INT)  SELECT * FROM categories WHERE cat_id=cid$$

DELIMITER ;

-- --------------------------------------------------------

--
-- Table structure for table `admin_info`
--

CREATE TABLE `admin_info` (
  `admin_id` int(10) NOT NULL,
  `admin_name` varchar(100) NOT NULL,
  `admin_email` varchar(300) NOT NULL,
  `admin_password` varchar(300) NOT NULL
) ENGINE=InnoDB DEFAULT CHARSET=latin1;

--
-- Dumping data for table `admin_info`
--

INSERT INTO `admin_info` (`admin_id`, `admin_name`, `admin_email`, `admin_password`) VALUES
(1, 'admin', 'admin@gmail.com', '25f9e794323b453885f5181f1b624d0b');

-- --------------------------------------------------------

--
-- Table structure for table `brands`
--

CREATE TABLE `brands` (
  `brand_id` int(100) NOT NULL,
  `brand_title` text NOT NULL
) ENGINE=InnoDB DEFAULT CHARSET=latin1;

--
-- Dumping data for table `brands`
--

INSERT INTO `brands` (`brand_id`, `brand_title`) VALUES
(1, 'HP'),
(2, 'Samsung'),
(3, 'Apple'),
(4, 'motorolla'),
(5, 'LG'),
(6, 'Cloth Brand');

-- --------------------------------------------------------

--
-- Table structure for table `cart`
--

CREATE TABLE `cart` (
  `id` int(10) NOT NULL,
  `p_id` int(10) NOT NULL,
  `ip_add` varchar(250) NOT NULL,
  `user_id` int(10) DEFAULT NULL,
  `qty` int(10) NOT NULL
) ENGINE=InnoDB DEFAULT CHARSET=latin1;

--
-- Dumping data for table `cart`
--

INSERT INTO `cart` (`id`, `p_id`, `ip_add`, `user_id`, `qty`) VALUES
(6, 26, '::1', 4, 1),
(9, 10, '::1', 7, 1),
(10, 11, '::1', 7, 1),
(11, 45, '::1', 7, 1),
(44, 5, '::1', 3, 0),
(46, 2, '::1', 3, 0),
(48, 72, '::1', 3, 0),
(49, 60, '::1', 8, 1),
(50, 61, '::1', 8, 1),
(51, 1, '::1', 8, 1),
(52, 5, '::1', 9, 1),
(53, 2, '::1', 14, 1),
(54, 3, '::1', 14, 1),
(55, 5, '::1', 14, 1),
(56, 1, '::1', 9, 1),
(57, 2, '::1', 9, 1),
(71, 61, '127.0.0.1', -1, 1),
(159, 2, '::1', 12, 1),
(160, 1, '::1', 12, 1),
(169, 82, '::1', -1, 1);

-- --------------------------------------------------------

--
-- Table structure for table `categories`
--

CREATE TABLE `categories` (
  `cat_id` int(100) NOT NULL,
  `cat_title` text NOT NULL
) ENGINE=InnoDB DEFAULT CHARSET=latin1;

--
-- Dumping data for table `categories`
--

INSERT INTO `categories` (`cat_id`, `cat_title`) VALUES
(1, 'Bunga'),
(2, 'Daun'),
(3, 'Pohon'),
(4, 'Buah'),
(5, 'Akar');

-- --------------------------------------------------------

--
-- Table structure for table `email_info`
--

CREATE TABLE `email_info` (
  `email_id` int(100) NOT NULL,
  `email` text NOT NULL
) ENGINE=InnoDB DEFAULT CHARSET=latin1;

--
-- Dumping data for table `email_info`
--

INSERT INTO `email_info` (`email_id`, `email`) VALUES
(3, 'admin@gmail.com'),
(4, 'puneethreddy951@gmail.com'),
(5, 'puneethreddy@gmail.com');

-- --------------------------------------------------------

--
-- Table structure for table `logs`
--

CREATE TABLE `logs` (
  `id` int(11) NOT NULL,
  `user_id` varchar(50) NOT NULL,
  `action` varchar(50) NOT NULL,
  `date` datetime NOT NULL
) ENGINE=InnoDB DEFAULT CHARSET=latin1;

-- --------------------------------------------------------

--
-- Table structure for table `orders`
--

CREATE TABLE `orders` (
  `order_id` int(11) NOT NULL,
  `user_id` int(11) NOT NULL,
  `product_id` int(11) NOT NULL,
  `qty` int(11) NOT NULL,
  `trx_id` varchar(255) NOT NULL,
  `p_status` varchar(20) NOT NULL
) ENGINE=InnoDB DEFAULT CHARSET=latin1;

--
-- Dumping data for table `orders`
--

INSERT INTO `orders` (`order_id`, `user_id`, `product_id`, `qty`, `trx_id`, `p_status`) VALUES
(1, 12, 7, 1, '07M47684BS5725041', 'Completed'),
(2, 14, 2, 1, '07M47684BS5725041', 'Completed');

-- --------------------------------------------------------

--
-- Table structure for table `orders_info`
--

CREATE TABLE `orders_info` (
  `order_id` int(10) NOT NULL,
  `user_id` int(11) NOT NULL,
  `date` datetime NOT NULL DEFAULT current_timestamp(),
  `f_name` varchar(255) NOT NULL,
  `email` varchar(255) NOT NULL,
  `address` varchar(255) NOT NULL,
  `city` varchar(255) NOT NULL,
  `cardname` varchar(255) NOT NULL,
  `cardnumber` varchar(20) NOT NULL,
  `expdate` varchar(255) NOT NULL,
  `prod_count` int(15) DEFAULT NULL,
  `total_amt` int(15) DEFAULT NULL,
  `cvv` int(5) NOT NULL,
  `keterangan` varchar(300) NOT NULL DEFAULT '-',
  `noref` varchar(20) NOT NULL DEFAULT '000',
  `status` text NOT NULL DEFAULT 'Diproses'
) ENGINE=InnoDB DEFAULT CHARSET=latin1;

--
-- Dumping data for table `orders_info`
--

INSERT INTO `orders_info` (`order_id`, `user_id`, `date`, `f_name`, `email`, `address`, `city`, `cardname`, `cardnumber`, `expdate`, `prod_count`, `total_amt`, `cvv`, `keterangan`, `noref`, `status`) VALUES
(1, 26, '2023-06-22 22:49:09', 'konsumen satu', 'konsumen1@gmail.com', 'Blater', 'Kalimanah', 'konsumen', '123', '', 1, 15000, 0, 'Sebelah masjid putih', '7061766573', 'Dikirim'),
(2, 26, '2023-06-22 22:49:26', 'konsumen satu', 'konsumen1@gmail.com', 'Blater', 'Kalimanah', 'konsumen', '123', '', 1, 15000, 0, 'Depan Rejomulyo', '2638131681', 'Selesai'),
(3, 26, '2023-06-22 23:26:41', 'konsumen satu', 'konsumen1@gmail.com', 'Blater', 'Kalimanah', 'konsumen', '123', '', 1, 15000, 0, 'Samping FT Unsoed', '3292604734', 'Selesai'),
(4, 27, '2023-06-22 23:28:08', 'konsumen dua', 'konsumen2@gmail.com', 'Sidakangen', 'Kalimanah', 'dua', '1233', '', 1, 15000, 0, 'Depan SPBU kalimanah', '1892668841', 'Diproses'),
(5, 26, '2023-06-23 23:30:18', 'konsumen satu', 'konsumen1@gmail.com', 'Blater', 'Kalimanah', '', '', '', 1, 20000, 0, '-', '1234', 'Diproses'),
(6, 26, '2023-06-23 23:31:35', 'konsumen satu', 'konsumen1@gmail.com', 'Blater', 'Kalimanah', '', '', '', 3, 43000, 0, 'Depan Gerbang Sidakangen', '1002920764', 'Selesai');

-- --------------------------------------------------------

--
-- Table structure for table `order_products`
--

CREATE TABLE `order_products` (
  `order_pro_id` int(10) NOT NULL,
  `order_id` int(11) NOT NULL,
  `product_id` int(11) NOT NULL,
  `qty` int(15) DEFAULT NULL,
  `amt` int(15) DEFAULT NULL
) ENGINE=InnoDB DEFAULT CHARSET=latin1;

--
-- Dumping data for table `order_products`
--

INSERT INTO `order_products` (`order_pro_id`, `order_id`, `product_id`, `qty`, `amt`) VALUES
(97, 1, 82, 2, 30000),
(98, 2, 82, 1, 15000),
(99, 3, 82, 4, 60000),
(100, 4, 82, 1, 15000),
(110, 5, 87, 1, 20000),
(111, 6, 82, 1, 15000),
(112, 6, 86, 1, 8000),
(113, 6, 87, 1, 20000);

-- --------------------------------------------------------

--
-- Table structure for table `products`
--

CREATE TABLE `products` (
  `product_id` int(100) NOT NULL,
  `product_cat` int(100) NOT NULL,
  `product_brand` int(100) NOT NULL,
  `product_title` varchar(255) NOT NULL,
  `product_price` int(100) NOT NULL,
  `product_desc` text NOT NULL,
  `perawatan` text DEFAULT NULL,
  `product_image` text NOT NULL,
  `product_keywords` text NOT NULL
) ENGINE=InnoDB DEFAULT CHARSET=latin1;

--
-- Dumping data for table `products`
--

INSERT INTO `products` (`product_id`, `product_cat`, `product_brand`, `product_title`, `product_price`, `product_desc`, `perawatan`, `product_image`, `product_keywords`) VALUES
(82, 2, 0, 'Kuping Gajah', 15000, 'Tanaman daun-daunan yang dapat memiliki daun yang lebar', 'Siram secara rutin dan hindari dari sinar matahair langsung', '1687442261_kuping-gajah.jpeg', ''),
(84, 2, 0, 'Lili Paris', 5000, 'Rumput hias yang memiliki corak hijau dan putih', 'Siram minimal 2 kali sehari, jangan langsung di bawah sinar matahari', '1687522748_lili-paris.jpeg', ''),
(85, 3, 0, 'Rombussa Mini', 13000, 'Tanaman hias yang dapat tumbuh besar dan lebat', 'Siram minimal 1 kali sehari', '1687522865_rombussa-mini.jpeg', ''),
(86, 2, 0, 'Lidah Mertua', 8000, 'Tanaman hias yang dapat memberikan oksigen banyak untuk kesejukan', 'Siram minimal 1 kali sehari', '1687522947_lidah-mertua.jpg', ''),
(87, 1, 0, 'Mawar', 20000, 'Bunga indah berwarna merah', 'Siram minimal 2 kali sehari', '1687523007_Bunga-Mawar-1.png', ''),
(88, 1, 0, 'Tulip', 25000, 'Bunga indah berwarna putih', 'Siram minimal 2 kali sehari', '1687523190_desktop-wallpaper-white-tulip-flowers-tulips-flowers.jpg', ''),
(89, 2, 0, 'Janda Bolong', 50000, 'Tanaman rambat yang bisa tumbuh panjang', 'Siram minimal 1 kali sehari', '1687523736_tanaman-janda-bolong-17_169.jpeg', '');

-- --------------------------------------------------------

--
-- Table structure for table `user_info`
--

CREATE TABLE `user_info` (
  `user_id` int(10) NOT NULL,
  `first_name` varchar(100) NOT NULL,
  `last_name` varchar(100) NOT NULL,
  `email` varchar(300) NOT NULL,
  `password` varchar(300) NOT NULL,
  `mobile` varchar(10) NOT NULL,
  `address1` varchar(300) NOT NULL,
  `address2` varchar(11) NOT NULL
) ENGINE=InnoDB DEFAULT CHARSET=latin1;

--
-- Dumping data for table `user_info`
--

INSERT INTO `user_info` (`user_id`, `first_name`, `last_name`, `email`, `password`, `mobile`, `address1`, `address2`) VALUES
(26, 'konsumen', 'satu', 'konsumen1@gmail.com', 'konsumen1', '0852000000', 'Blater', 'Kalimanah'),
(27, 'konsumen', 'dua', 'konsumen2@gmail.com', 'konsumen2', '0876886866', 'Sidakangen', 'Kalimanah'),
(28, 'Kosumen', 'Tiga', 'konsumen3@gmail.com', 'konsumen3', '0876886866', 'Blater', 'Kalimanah');

--
-- Triggers `user_info`
--
DELIMITER $$
CREATE TRIGGER `after_user_info_insert` AFTER INSERT ON `user_info` FOR EACH ROW BEGIN 
INSERT INTO user_info_backup VALUES(new.user_id,new.first_name,new.last_name,new.email,new.password,new.mobile,new.address1,new.address2);
END
$$
DELIMITER ;

-- --------------------------------------------------------

--
-- Table structure for table `user_info_backup`
--

CREATE TABLE `user_info_backup` (
  `user_id` int(10) NOT NULL,
  `first_name` varchar(100) NOT NULL,
  `last_name` varchar(100) NOT NULL,
  `email` varchar(300) NOT NULL,
  `password` varchar(300) NOT NULL,
  `mobile` varchar(10) NOT NULL,
  `address1` varchar(300) NOT NULL,
  `address2` varchar(11) NOT NULL
) ENGINE=InnoDB DEFAULT CHARSET=latin1;

--
-- Dumping data for table `user_info_backup`
--

INSERT INTO `user_info_backup` (`user_id`, `first_name`, `last_name`, `email`, `password`, `mobile`, `address1`, `address2`) VALUES
(12, 'puneeth', 'Reddy', 'puneethreddy951@gmail.com', '123456789', '9448121558', '123456789', 'sdcjns,djc'),
(14, 'hemanthu', 'reddy', 'hemanthreddy951@gmail.com', '123456788', '6526436723', 's,dc wfjvnvn', 'b efhfhvvbr'),
(15, 'hemu', 'ajhgdg', 'keeru@gmail.com', '346778', '536487276', ',mdnbca', 'asdmhmhvbv'),
(16, 'venky', 'vs', 'venkey@gmail.com', '1234534', '9877654334', 'snhdgvajfehyfygv', 'asdjbhfkeur'),
(19, 'abhishek', 'bs', 'abhishekbs@gmail.com', 'asdcsdcc', '9871236534', 'bangalore', 'hassan'),
(20, 'pramod', 'vh', 'pramod@gmail.com', '124335353', '9767645653', 'ksbdfcdf', 'sjrgrevgsib'),
(21, 'prajval', 'mcta', 'prajvalmcta@gmail.com', '1234545662', '202-555-01', 'bangalore', 'kumbalagodu'),
(22, 'puneeth', 'v', 'hemu@gmail.com', '1234534', '9877654334', 'snhdgvajfehyfygv', 'asdjbhfkeur'),
(23, 'hemanth', 'reddy', 'hemanth@gmail.com', 'Puneeth@123', '9876543234', 'Bangalore', 'Kumbalagodu'),
(24, 'newuser', 'user', 'newuser@gmail.com', 'puneeth@123', '9535688928', 'Bangalore', 'Kumbalagodu'),
(25, 'otheruser', 'user', 'otheruser@gmail.com', 'puneeth@123', '9535688928', 'Bangalore', 'Kumbalagodu'),
(26, 'konsumen', 'satu', 'konsumen1@gmail.com', 'konsumen1', '0852000000', 'Blater', 'Kalimanah'),
(27, 'konsumen', 'dua', 'konsumen2@gmail.com', 'konsumen2', '0876886866', 'Sidakangen', 'Kalimanah'),
(28, 'Kosumen', 'Tiga', 'konsumen3@gmail.com', 'konsumen3', '0876886866', 'Blater', 'Kalimanah');

--
-- Indexes for dumped tables
--

--
-- Indexes for table `admin_info`
--
ALTER TABLE `admin_info`
  ADD PRIMARY KEY (`admin_id`);

--
-- Indexes for table `brands`
--
ALTER TABLE `brands`
  ADD PRIMARY KEY (`brand_id`);

--
-- Indexes for table `cart`
--
ALTER TABLE `cart`
  ADD PRIMARY KEY (`id`);

--
-- Indexes for table `categories`
--
ALTER TABLE `categories`
  ADD PRIMARY KEY (`cat_id`);

--
-- Indexes for table `email_info`
--
ALTER TABLE `email_info`
  ADD PRIMARY KEY (`email_id`);

--
-- Indexes for table `logs`
--
ALTER TABLE `logs`
  ADD PRIMARY KEY (`id`);

--
-- Indexes for table `orders`
--
ALTER TABLE `orders`
  ADD PRIMARY KEY (`order_id`);

--
-- Indexes for table `orders_info`
--
ALTER TABLE `orders_info`
  ADD PRIMARY KEY (`order_id`),
  ADD KEY `user_id` (`user_id`);

--
-- Indexes for table `order_products`
--
ALTER TABLE `order_products`
  ADD PRIMARY KEY (`order_pro_id`),
  ADD KEY `order_products` (`order_id`),
  ADD KEY `product_id` (`product_id`);

--
-- Indexes for table `products`
--
ALTER TABLE `products`
  ADD PRIMARY KEY (`product_id`);

--
-- Indexes for table `user_info`
--
ALTER TABLE `user_info`
  ADD PRIMARY KEY (`user_id`);

--
-- Indexes for table `user_info_backup`
--
ALTER TABLE `user_info_backup`
  ADD PRIMARY KEY (`user_id`);

--
-- AUTO_INCREMENT for dumped tables
--

--
-- AUTO_INCREMENT for table `admin_info`
--
ALTER TABLE `admin_info`
  MODIFY `admin_id` int(10) NOT NULL AUTO_INCREMENT, AUTO_INCREMENT=2;

--
-- AUTO_INCREMENT for table `brands`
--
ALTER TABLE `brands`
  MODIFY `brand_id` int(100) NOT NULL AUTO_INCREMENT, AUTO_INCREMENT=7;

--
-- AUTO_INCREMENT for table `cart`
--
ALTER TABLE `cart`
  MODIFY `id` int(10) NOT NULL AUTO_INCREMENT, AUTO_INCREMENT=179;

--
-- AUTO_INCREMENT for table `categories`
--
ALTER TABLE `categories`
  MODIFY `cat_id` int(100) NOT NULL AUTO_INCREMENT, AUTO_INCREMENT=8;

--
-- AUTO_INCREMENT for table `email_info`
--
ALTER TABLE `email_info`
  MODIFY `email_id` int(100) NOT NULL AUTO_INCREMENT, AUTO_INCREMENT=6;

--
-- AUTO_INCREMENT for table `logs`
--
ALTER TABLE `logs`
  MODIFY `id` int(11) NOT NULL AUTO_INCREMENT;

--
-- AUTO_INCREMENT for table `orders`
--
ALTER TABLE `orders`
  MODIFY `order_id` int(11) NOT NULL AUTO_INCREMENT, AUTO_INCREMENT=3;

--
-- AUTO_INCREMENT for table `orders_info`
--
ALTER TABLE `orders_info`
  MODIFY `order_id` int(10) NOT NULL AUTO_INCREMENT, AUTO_INCREMENT=16;

--
-- AUTO_INCREMENT for table `order_products`
--
ALTER TABLE `order_products`
  MODIFY `order_pro_id` int(10) NOT NULL AUTO_INCREMENT, AUTO_INCREMENT=114;

--
-- AUTO_INCREMENT for table `products`
--
ALTER TABLE `products`
  MODIFY `product_id` int(100) NOT NULL AUTO_INCREMENT, AUTO_INCREMENT=90;

--
-- AUTO_INCREMENT for table `user_info`
--
ALTER TABLE `user_info`
  MODIFY `user_id` int(10) NOT NULL AUTO_INCREMENT, AUTO_INCREMENT=29;

--
-- AUTO_INCREMENT for table `user_info_backup`
--
ALTER TABLE `user_info_backup`
  MODIFY `user_id` int(10) NOT NULL AUTO_INCREMENT, AUTO_INCREMENT=29;

--
-- Constraints for dumped tables
--

--
-- Constraints for table `orders_info`
--
ALTER TABLE `orders_info`
  ADD CONSTRAINT `user_id` FOREIGN KEY (`user_id`) REFERENCES `user_info` (`user_id`);

--
-- Constraints for table `order_products`
--
ALTER TABLE `order_products`
  ADD CONSTRAINT `order_products` FOREIGN KEY (`order_id`) REFERENCES `orders_info` (`order_id`) ON DELETE NO ACTION ON UPDATE CASCADE,
  ADD CONSTRAINT `product_id` FOREIGN KEY (`product_id`) REFERENCES `products` (`product_id`);
COMMIT;

/*!40101 SET CHARACTER_SET_CLIENT=@OLD_CHARACTER_SET_CLIENT */;
/*!40101 SET CHARACTER_SET_RESULTS=@OLD_CHARACTER_SET_RESULTS */;
/*!40101 SET COLLATION_CONNECTION=@OLD_COLLATION_CONNECTION */;
